Sr no,Name,MoneyControl_link,News_link
1,3M+India+Ltd+moneycontrol,"('/company-article/andhrabank/news/AB14#AB14',)",http://www.moneycontrol.com/company-article/3mindia/news/MI42#MI42
2,8K+Miles+Software+Services+Ltd+moneycontrol,"('/company-article/andhrabank/news/AB14#AB14',)",http://www.moneycontrol.com/company-article/8kmilessoftwareservices/news/PMS01#PMS01
3,Aarti+Industries+Ltd.+moneycontrol,"('/company-article/andhrabank/news/AB14#AB14',)",http://www.moneycontrol.com/company-article/aartiindustries/news/AI45#AI45
4,Aban+Offshore+Ltd+moneycontrol,"('/company-article/andhrabank/news/AB14#AB14',)",http://www.moneycontrol.com/company-article/abanoffshore/news/AO04#AO04
5,ABB+India+Ltd+moneycontrol,"('/company-article/andhrabank/news/AB14#AB14',)",http://www.moneycontrol.com/company-article/abbindia/news/ABB#ABB
6,Abbott+India+Ltd+moneycontrol,"('/company-article/andhrabank/news/AB14#AB14',)",http://www.moneycontrol.com/company-article/abbottindia/news/AI51#AI51
7,ACC+Ltd+moneycontrol,"('/company-article/andhrabank/news/AB14#AB14',)",http://www.moneycontrol.com/company-article/acc/news/ACC06#ACC06
8,Adani+Enterprises+Ltd+moneycontrol,"('/company-article/andhrabank/news/AB14#AB14',)",
9,Adani+Ports+and+Special+Economic+Zone+moneycontrol,"('/company-article/andhrabank/news/AB14#AB14',)",
10,Adani+Power+Ltd+moneycontrol,"('/company-article/andhrabank/news/AB14#AB14',)",
11,Adani+Transmission+Ltd+moneycontrol,"('/company-article/andhrabank/news/AB14#AB14',)",
12,Aditya+Birla+Fashion+and+Retail+Ltd+moneycontrol,"('/company-article/andhrabank/news/AB14#AB14',)",
13,Advanced+Enzyme+Technologies+Ltd+moneycontrol,"('/company-article/andhrabank/news/AB14#AB14',)",
14,Aegis+Logistics+Ltd+moneycontrol,"('/company-article/andhrabank/news/AB14#AB14',)",
15,AIA+Engineering+Ltd+moneycontrol,"('/company-article/andhrabank/news/AB14#AB14',)",
16,Ajanta+Pharma+Ltd+moneycontrol,"('/company-article/andhrabank/news/AB14#AB14',)",
17,Akzo+Nobel+India+Ltd+moneycontrol,"('/company-article/andhrabank/news/AB14#AB14',)",
18,Alembic+Pharmaceuticals+Ltd+moneycontrol,"('/company-article/andhrabank/news/AB14#AB14',)",
19,Alkem+Laboratories+Ltd+moneycontrol,"('/company-article/andhrabank/news/AB14#AB14',)",
20,Allahabad+Bank+moneycontrol,"('/company-article/andhrabank/news/AB14#AB14',)",
21,AllCargo+Logistics+Ltd+moneycontrol,"('/company-article/andhrabank/news/AB14#AB14',)",
22,Amara+Raja+Batteries+Ltd+moneycontrol,"('/company-article/andhrabank/news/AB14#AB14',)",
23,Ambuja+Cements+Ltd+moneycontrol,"('/company-article/andhrabank/news/AB14#AB14',)",
24,Andhra+Bank+moneycontrol,"('/company-article/andhrabank/news/AB14#AB14',)",
25,Apar+Industries+Ltd+moneycontrol,"('/company-article/andhrabank/news/AB14#AB14',)",
26,APL+Apollo+Tubes+Ltd+moneycontrol,"('/company-article/andhrabank/news/AB14#AB14',)",
27,Apollo+Hospitals+Enterprise+Ltd+moneycontrol,"('/company-article/andhrabank/news/AB14#AB14',)",
28,Apollo+Tyres+Ltd+moneycontrol,"('/company-article/andhrabank/news/AB14#AB14',)",
29,Arvind+Limited+moneycontrol,"('/company-article/andhrabank/news/AB14#AB14',)",
30,Asahi+India+Glass+Ltd+moneycontrol,"('/company-article/andhrabank/news/AB14#AB14',)",
31,Ashok+Leyland+Ltd+moneycontrol,"('/company-article/andhrabank/news/AB14#AB14',)",
32,Ashoka+Buildcon+Ltd+moneycontrol,"('/company-article/andhrabank/news/AB14#AB14',)",
33,Asian+Paints+Ltd+moneycontrol,"('/company-article/andhrabank/news/AB14#AB14',)",
34,Astra+Microwave+Products+Ltd.+moneycontrol,"('/company-article/andhrabank/news/AB14#AB14',)",
35,Astral+Polytechnik+Ltd+moneycontrol,"('/company-article/andhrabank/news/AB14#AB14',)",
36,Atul+Ltd.+moneycontrol,"('/company-article/andhrabank/news/AB14#AB14',)",
37,Aurobindo+Pharma+Ltd+moneycontrol,"('/company-article/andhrabank/news/AB14#AB14',)",
38,Avanti+Feeds+Ltd+moneycontrol,"('/company-article/andhrabank/news/AB14#AB14',)",
39,Avenue+Supermarts+Ltd+moneycontrol,"('/company-article/andhrabank/news/AB14#AB14',)",
40,Axis+Bank+Ltd+moneycontrol,"('/company-article/andhrabank/news/AB14#AB14',)",
41,Bajaj+Auto+Ltd+moneycontrol,"('/company-article/andhrabank/news/AB14#AB14',)",
42,Bajaj+Corp+Ltd+moneycontrol,"('/company-article/andhrabank/news/AB14#AB14',)",
43,Bajaj+Electricals+Ltd+moneycontrol,"('/company-article/andhrabank/news/AB14#AB14',)",
44,Bajaj+Finance+Ltd+moneycontrol,"('/company-article/andhrabank/news/AB14#AB14',)",
45,Bajaj+Finserv+Ltd+moneycontrol,"('/company-article/andhrabank/news/AB14#AB14',)",
46,Bajaj+Hindusthan+Sugar+Ltd+moneycontrol,"('/company-article/andhrabank/news/AB14#AB14',)",
47,Bajaj+Holdings+and+Investment+Ltd+moneycontrol,"('/company-article/andhrabank/news/AB14#AB14',)",
48,Balkrishna+Industries+Ltd+moneycontrol,"('/company-article/andhrabank/news/AB14#AB14',)",
49,Balmer+Lawrie+%26+Co.+Ltd.+moneycontrol,"('/company-article/andhrabank/news/AB14#AB14',)",
50,Balrampur+Chini+Mills+Ltd+moneycontrol,"('/company-article/andhrabank/news/AB14#AB14',)",
51,Bank+of+Baroda+moneycontrol,"('/company-article/andhrabank/news/AB14#AB14',)",
52,Bank+of+India+moneycontrol,"('/company-article/andhrabank/news/AB14#AB14',)",
53,Bank+Of+Maharashtra+moneycontrol,"('/company-article/andhrabank/news/AB14#AB14',)",
54,BASF+India+Limited+moneycontrol,"('/company-article/andhrabank/news/AB14#AB14',)",
55,Bata+India+Ltimited+moneycontrol,"('/company-article/andhrabank/news/AB14#AB14',)",
56,Bayer+CropScience+Ltd/India+moneycontrol,"('/company-article/andhrabank/news/AB14#AB14',)",
57,BEML+Ltd+moneycontrol,"('/company-article/andhrabank/news/AB14#AB14',)",
58,Berger+Paints+India+Ltd+moneycontrol,"('/company-article/andhrabank/news/AB14#AB14',)",
59,BF+Utilities+Ltd+moneycontrol,"('/company-article/andhrabank/news/AB14#AB14',)",
60,Bharat+Electronics+Ltd+moneycontrol,"('/company-article/andhrabank/news/AB14#AB14',)",
61,Bharat+Financial+Inclusion+Ltd+moneycontrol,"('/company-article/andhrabank/news/AB14#AB14',)",
62,Bharat+Forge+Ltd+moneycontrol,"('/company-article/andhrabank/news/AB14#AB14',)",
63,Bharat+Heavy+Electricals+Ltd+moneycontrol,"('/company-article/andhrabank/news/AB14#AB14',)",
64,Bharat+Petroleum+Corp+Ltd+moneycontrol,"('/company-article/andhrabank/news/AB14#AB14',)",
65,Bharti+Airtel+Ltd+moneycontrol,"('/company-article/andhrabank/news/AB14#AB14',)",
66,Bharti+Infratel+Ltd.+moneycontrol,"('/company-article/andhrabank/news/AB14#AB14',)",
67,Biocon+Ltd+moneycontrol,"('/company-article/andhrabank/news/AB14#AB14',)",
68,Birla+Corp+Ltd+moneycontrol,"('/company-article/andhrabank/news/AB14#AB14',)",
69,Bliss+Gvs+Pharma+Ltd+moneycontrol,"('/company-article/andhrabank/news/AB14#AB14',)",
70,Blue+Dart+Express+Ltd+moneycontrol,"('/company-article/andhrabank/news/AB14#AB14',)",
71,Blue+Star+Ltd+moneycontrol,"('/company-article/andhrabank/news/AB14#AB14',)",
72,Bombay+Burmah+Trading+Corp+Ltd.+moneycontrol,"('/company-article/andhrabank/news/AB14#AB14',)",
73,Bombay+Dyeing+%26+Manufacturing+Co+Ltd+moneycontrol,"('/company-article/andhrabank/news/AB14#AB14',)",
74,Bosch+Ltd+moneycontrol,"('/company-article/andhrabank/news/AB14#AB14',)",
75,Britannia+Industries+Ltd.+moneycontrol,"('/company-article/andhrabank/news/AB14#AB14',)",
76,Cadila+Healthcare+Ltd+moneycontrol,"('/company-article/andhrabank/news/AB14#AB14',)",
77,Can+Fin+Homes+Ltd+moneycontrol,"('/company-article/andhrabank/news/AB14#AB14',)",
78,Canara+Bank+moneycontrol,"('/company-article/andhrabank/news/AB14#AB14',)",
79,Capital+First+Ltd.+moneycontrol,"('/company-article/andhrabank/news/AB14#AB14',)",
80,Caplin+Point+Laboratories+Ltd+moneycontrol,"('/company-article/andhrabank/news/AB14#AB14',)",
81,Carborundum+Universal+Ltd+moneycontrol,"('/company-article/andhrabank/news/AB14#AB14',)",
82,CARE+Ratings+Ltd+moneycontrol,"('/company-article/andhrabank/news/AB14#AB14',)",
83,Castrol+India+Ltd+moneycontrol,"('/company-article/andhrabank/news/AB14#AB14',)",
84,CCL+Products+(India)+Ltd.+moneycontrol,"('/company-article/andhrabank/news/AB14#AB14',)",
85,CEAT+Ltd+moneycontrol,"('/company-article/andhrabank/news/AB14#AB14',)",
86,Central+Bank+of+India+moneycontrol,"('/company-article/andhrabank/news/AB14#AB14',)",
87,Centrum+Capital+Ltd+moneycontrol,"('/company-article/andhrabank/news/AB14#AB14',)",
88,Century+Plyboards+India+Ltd+moneycontrol,"('/company-article/andhrabank/news/AB14#AB14',)",
89,Century+Textile+%26+Industries+Ltd+moneycontrol,"('/company-article/andhrabank/news/AB14#AB14',)",
90,Cera+Sanitaryware+Ltd+moneycontrol,"('/company-article/andhrabank/news/AB14#AB14',)",
91,CESC+Ltd+moneycontrol,"('/company-article/andhrabank/news/AB14#AB14',)",
92,CG+Power+and+Industrial+Solutions+Ltd+moneycontrol,"('/company-article/andhrabank/news/AB14#AB14',)",
93,Chambal+Fertilizers+%26+Chemicals+Ltd+moneycontrol,"('/company-article/andhrabank/news/AB14#AB14',)",
94,Chennai+Petroleum+Corp+Ltd+moneycontrol,"('/company-article/andhrabank/news/AB14#AB14',)",
95,Cholamandalam+Investment+%26+Finance+Co.+Ltd.+moneycontrol,"('/company-article/andhrabank/news/AB14#AB14',)",
96,Cipla+Ltd/India+moneycontrol,"('/company-article/andhrabank/news/AB14#AB14',)",
97,City+Union+Bank+Ltd.+moneycontrol,"('/company-article/andhrabank/news/AB14#AB14',)",
98,Coal+India+Ltd+moneycontrol,"('/company-article/andhrabank/news/AB14#AB14',)",
99,Coffee+Day+Enterprises+Ltd+moneycontrol,"('/company-article/andhrabank/news/AB14#AB14',)",
100,Colgate-Palmolive+India+Ltd+moneycontrol,"('/company-article/andhrabank/news/AB14#AB14',)",
101,Container+Corp+Of+India+moneycontrol,"('/company-article/andhrabank/news/AB14#AB14',)",
102,Coromandel+International+Ltd+moneycontrol,"('/company-article/andhrabank/news/AB14#AB14',)",
103,Corp+Bank+moneycontrol,"('/company-article/andhrabank/news/AB14#AB14',)",
104,Cox+%26+Kings+Ltd+moneycontrol,"('/company-article/andhrabank/news/AB14#AB14',)",
105,CRISIL+Ltd+moneycontrol,"('/company-article/andhrabank/news/AB14#AB14',)",
106,Crompton+Greaves+Consumer+Electricals+Ltd+moneycontrol,"('/company-article/andhrabank/news/AB14#AB14',)",
107,Cummins+India+Ltd+moneycontrol,"('/company-article/andhrabank/news/AB14#AB14',)",
108,Cyient+Ltd+moneycontrol,"('/company-article/andhrabank/news/AB14#AB14',)",
109,Dabur+India+Ltd+moneycontrol,"('/company-article/andhrabank/news/AB14#AB14',)",
110,Dalmia+Bharat+Ltd+moneycontrol,"('/company-article/andhrabank/news/AB14#AB14',)",
111,DB+Corp+Ltd+moneycontrol,"('/company-article/andhrabank/news/AB14#AB14',)",
112,DCB+Bank+Ltd+moneycontrol,"('/company-article/andhrabank/news/AB14#AB14',)",
113,DCM+Shriram+Ltd+moneycontrol,"('/company-article/andhrabank/news/AB14#AB14',)",
114,Deepak+Fertilisers+%26+Petrochemicals+Corp.+Ltd.+moneycontrol,"('/company-article/andhrabank/news/AB14#AB14',)",
115,Deepak+Nitrite+Limited+moneycontrol,"('/company-article/andhrabank/news/AB14#AB14',)",
116,Delta+Corp.+Ltd.+moneycontrol,"('/company-article/andhrabank/news/AB14#AB14',)",
117,Dena+Bank+moneycontrol,"('/company-article/andhrabank/news/AB14#AB14',)",
118,Dewan+Housing+Finance+Corp+Ltd+moneycontrol,"('/company-article/andhrabank/news/AB14#AB14',)",
119,Dhanuka+Agritech+Ltd+moneycontrol,"('/company-article/andhrabank/news/AB14#AB14',)",
120,Dilip+Buildcon+Ltd+moneycontrol,"('/company-article/andhrabank/news/AB14#AB14',)",
121,Dish+TV+India+Ltd+moneycontrol,"('/company-article/andhrabank/news/AB14#AB14',)",
122,Divi%27s+Laboratories+Ltd+moneycontrol,"('/company-article/andhrabank/news/AB14#AB14',)",
123,DLF+Ltd+moneycontrol,"('/company-article/andhrabank/news/AB14#AB14',)",
124,Dr+Reddy%27s+Laboratories+Ltd+moneycontrol,"('/company-article/andhrabank/news/AB14#AB14',)",
125,Dr.+Lal+PathLabs+Ltd+moneycontrol,"('/company-article/andhrabank/news/AB14#AB14',)",
126,eClerx+Services+Ltd+moneycontrol,"('/company-article/andhrabank/news/AB14#AB14',)",
127,Edelweiss+Financial+Services+Ltd+moneycontrol,"('/company-article/andhrabank/news/AB14#AB14',)",
128,Eicher+Motors+Ltd+moneycontrol,"('/company-article/andhrabank/news/AB14#AB14',)",
129,EID+Parry+India+Ltd+moneycontrol,"('/company-article/andhrabank/news/AB14#AB14',)",
130,EIH+Ltd+moneycontrol,"('/company-article/andhrabank/news/AB14#AB14',)",
131,Elgi+Equipments+Ltd.+moneycontrol,"('/company-article/andhrabank/news/AB14#AB14',)",
132,Emami+Ltd+moneycontrol,"('/company-article/andhrabank/news/AB14#AB14',)",
133,Endurance+Technologies+Ltd+moneycontrol,"('/company-article/andhrabank/news/AB14#AB14',)",
134,Engineers+India+Ltd+moneycontrol,"('/company-article/andhrabank/news/AB14#AB14',)",
135,Entertainment+Network+India+moneycontrol,"('/company-article/andhrabank/news/AB14#AB14',)",
136,Equitas+Holdings+Ltd+moneycontrol,"('/company-article/andhrabank/news/AB14#AB14',)",
137,Eris+Lifesciences+Ltd+moneycontrol,"('/company-article/andhrabank/news/AB14#AB14',)",
138,Eros+International+Media+Ltd+moneycontrol,"('/company-article/andhrabank/news/AB14#AB14',)",
139,Escorts+Ltd+moneycontrol,"('/company-article/andhrabank/news/AB14#AB14',)",
140,Essel+Propack+Ltd.+moneycontrol,"('/company-article/andhrabank/news/AB14#AB14',)",
141,Eveready+Industries+India+Ltd+moneycontrol,"('/company-article/andhrabank/news/AB14#AB14',)",
142,Exide+Industries+Ltd+moneycontrol,"('/company-article/andhrabank/news/AB14#AB14',)",
143,FDC+Ltd+moneycontrol,"('/company-article/andhrabank/news/AB14#AB14',)",
144,Federal+Bank+Ltd+moneycontrol,"('/company-article/andhrabank/news/AB14#AB14',)",
145,Finolex+Cables+Ltd+moneycontrol,"('/company-article/andhrabank/news/AB14#AB14',)",
146,Finolex+Industries+Ltd+moneycontrol,"('/company-article/andhrabank/news/AB14#AB14',)",
147,Firstsource+Solutions+Ltd+moneycontrol,"('/company-article/andhrabank/news/AB14#AB14',)",
148,Force+Motors+Ltd+moneycontrol,"('/company-article/andhrabank/news/AB14#AB14',)",
149,Fortis+Healthcare+Ltd.+moneycontrol,"('/company-article/andhrabank/news/AB14#AB14',)",
150,Future+Consumer+Ltd+moneycontrol,"('/company-article/andhrabank/news/AB14#AB14',)",
151,Future+Lifestyle+Fashions+Limited+moneycontrol,"('/company-article/andhrabank/news/AB14#AB14',)",
152,Gail+India+Ltd+moneycontrol,"('/company-article/andhrabank/news/AB14#AB14',)",
153,Gateway+Distriparks+Ltd+moneycontrol,"('/company-article/andhrabank/news/AB14#AB14',)",
154,Gati+Ltd+moneycontrol,"('/company-article/andhrabank/news/AB14#AB14',)",
155,GE+Power+India+Ltd+moneycontrol,"('/company-article/andhrabank/news/AB14#AB14',)",
156,GE+T%26D+India+Ltd+moneycontrol,"('/company-article/andhrabank/news/AB14#AB14',)",
157,GHCL+Ltd+moneycontrol,"('/company-article/andhrabank/news/AB14#AB14',)",
158,GIC+Housing+Finance+Ltd+moneycontrol,"('/company-article/andhrabank/news/AB14#AB14',)",
159,Gillette+India+Ltd+moneycontrol,"('/company-article/andhrabank/news/AB14#AB14',)",
160,GlaxoSmithKline+Consumer+Healthcare+Ltd+moneycontrol,"('/company-article/andhrabank/news/AB14#AB14',)",
161,GlaxoSmithKline+Pharmaceuticals+Ltd+moneycontrol,"('/company-article/andhrabank/news/AB14#AB14',)",
162,Glenmark+Pharmaceuticals+Ltd+moneycontrol,"('/company-article/andhrabank/news/AB14#AB14',)",
163,GMR+Infrastructure+Ltd+moneycontrol,"('/company-article/andhrabank/news/AB14#AB14',)",
164,Godfrey+Phillips+India+Ltd+moneycontrol,"('/company-article/andhrabank/news/AB14#AB14',)",
165,Godrej+Consumer+Products+Ltd+moneycontrol,"('/company-article/andhrabank/news/AB14#AB14',)",
166,Godrej+Industries+Ltd+moneycontrol,"('/company-article/andhrabank/news/AB14#AB14',)",
167,Godrej+Properties+Ltd+moneycontrol,"('/company-article/andhrabank/news/AB14#AB14',)",
168,Granules+India+Ltd+moneycontrol,"('/company-article/andhrabank/news/AB14#AB14',)",
169,Graphite+India+Ltd.+moneycontrol,"('/company-article/andhrabank/news/AB14#AB14',)",
170,Grasim+Industries+Ltd+moneycontrol,"('/company-article/andhrabank/news/AB14#AB14',)",
171,Great+Eastern+Shipping+Co+Ltd/The+moneycontrol,"('/company-article/andhrabank/news/AB14#AB14',)",
172,Greaves+Cotton+Ltd.+moneycontrol,"('/company-article/andhrabank/news/AB14#AB14',)",
173,Greenply+Industries+Ltd.+moneycontrol,"('/company-article/andhrabank/news/AB14#AB14',)",
174,Grindwell+Norton+Ltd+moneycontrol,"('/company-article/andhrabank/news/AB14#AB14',)",
175,GRUH+Finance+Ltd.+moneycontrol,"('/company-article/andhrabank/news/AB14#AB14',)",
176,Gujarat+Alkalies+%26+Chemicals+Ltd.+moneycontrol,"('/company-article/andhrabank/news/AB14#AB14',)",
177,Gujarat+Fluorochemicals+moneycontrol,"('/company-article/andhrabank/news/AB14#AB14',)",
178,Gujarat+Gas+Ltd+moneycontrol,"('/company-article/andhrabank/news/AB14#AB14',)",
179,Gujarat+Mineral+Development+Corp+Ltd+moneycontrol,"('/company-article/andhrabank/news/AB14#AB14',)",
180,Gujarat+Narmada+Valley+Fertilizers+and+Chemicals+Limited+moneycontrol,"('/company-article/andhrabank/news/AB14#AB14',)",
181,Gujarat+Pipavav+Port+Ltd+moneycontrol,"('/company-article/andhrabank/news/AB14#AB14',)",
182,Gujarat+State+Fertilisers+%26+Chemicals+Ltd+moneycontrol,"('/company-article/andhrabank/news/AB14#AB14',)",
183,Gujarat+State+Petronet+Ltd+moneycontrol,"('/company-article/andhrabank/news/AB14#AB14',)",
184,Gulf+Oil+Lubricants+India+Ltd+moneycontrol,"('/company-article/andhrabank/news/AB14#AB14',)",
185,Hatsun+Agro+Products+Ltd+moneycontrol,"('/company-article/andhrabank/news/AB14#AB14',)",
186,Havells+India+Ltd+moneycontrol,"('/company-article/andhrabank/news/AB14#AB14',)",
187,HCL+Technologies+Ltd+moneycontrol,"('/company-article/andhrabank/news/AB14#AB14',)",
188,HDFC+Bank+Ltd+moneycontrol,"('/company-article/andhrabank/news/AB14#AB14',)",
189,HEG+Ltd+moneycontrol,"('/company-article/andhrabank/news/AB14#AB14',)",
190,HeidelbergCement+India+Ltd.+moneycontrol,"('/company-article/andhrabank/news/AB14#AB14',)",
191,Heritage+Foods+Ltd+moneycontrol,"('/company-article/andhrabank/news/AB14#AB14',)",
192,Hero+MotoCorp+Ltd+moneycontrol,"('/company-article/andhrabank/news/AB14#AB14',)",
193,Hexaware+Technologies+Ltd+moneycontrol,"('/company-article/andhrabank/news/AB14#AB14',)",
194,Himachal+Futuristic+Communications+Ltd+moneycontrol,"('/company-article/andhrabank/news/AB14#AB14',)",
195,Himadri+Speciality+Chemical+Ltd+moneycontrol,"('/company-article/andhrabank/news/AB14#AB14',)",
196,Himatsingka+Seide+moneycontrol,"('/company-article/andhrabank/news/AB14#AB14',)",
197,Hindalco+Industries+Ltd+moneycontrol,"('/company-article/andhrabank/news/AB14#AB14',)",
198,Hindustan+Construction+Co+moneycontrol,"('/company-article/andhrabank/news/AB14#AB14',)",
199,Hindustan+Copper+moneycontrol,"('/company-article/andhrabank/news/AB14#AB14',)",
200,Hindustan+Petroleum+Corp+Ltd+moneycontrol,"('/company-article/andhrabank/news/AB14#AB14',)",
201,Hindustan+Unilever+Ltd+moneycontrol,"('/company-article/andhrabank/news/AB14#AB14',)",
202,Hindustan+Zinc+Ltd+moneycontrol,"('/company-article/andhrabank/news/AB14#AB14',)",
203,Housing+and+Urban+Development+Corporation+Ltd+moneycontrol,"('/company-article/andhrabank/news/AB14#AB14',)",
204,Housing+Development+%26+Infrastructure+Ltd+moneycontrol,"('/company-article/andhrabank/news/AB14#AB14',)",
205,Housing+Development+Finance+Corp+moneycontrol,"('/company-article/andhrabank/news/AB14#AB14',)",
206,HSIL+Ltd+moneycontrol,"('/company-article/andhrabank/news/AB14#AB14',)",
207,ICICI+Bank+Ltd+moneycontrol,"('/company-article/andhrabank/news/AB14#AB14',)",
208,ICICI+Prudential+Life+Insurance+Company+Ltd+moneycontrol,"('/company-article/andhrabank/news/AB14#AB14',)",
209,ICRA+Ltd.+moneycontrol,"('/company-article/andhrabank/news/AB14#AB14',)",
210,IDBI+Bank+Ltd+moneycontrol,"('/company-article/andhrabank/news/AB14#AB14',)",
211,Idea+Cellular+Ltd+moneycontrol,"('/company-article/andhrabank/news/AB14#AB14',)",
212,IDFC+Bank+Ltd+moneycontrol,"('/company-article/andhrabank/news/AB14#AB14',)",
213,IDFC+Limited+moneycontrol,"('/company-article/andhrabank/news/AB14#AB14',)",
214,IFCI+Ltd+moneycontrol,"('/company-article/andhrabank/news/AB14#AB14',)",
215,IL%26FS+Transportation+Networks+Ltd+moneycontrol,"('/company-article/andhrabank/news/AB14#AB14',)",
216,India+Cements+Ltd+moneycontrol,"('/company-article/andhrabank/news/AB14#AB14',)",
217,Indiabulls+Housing+Finance+Limited+moneycontrol,"('/company-article/andhrabank/news/AB14#AB14',)",
218,Indiabulls+Real+Estate+Ltd+moneycontrol,"('/company-article/andhrabank/news/AB14#AB14',)",
219,Indiabulls+Ventures+Ltd+moneycontrol,"('/company-article/andhrabank/news/AB14#AB14',)",
220,Indian+Bank+moneycontrol,"('/company-article/andhrabank/news/AB14#AB14',)",
221,Indian+Hotels+Co+Ltd+moneycontrol,"('/company-article/andhrabank/news/AB14#AB14',)",
222,Indian+Oil+Corp+Ltd+moneycontrol,"('/company-article/andhrabank/news/AB14#AB14',)",
223,Indian+Overseas+Bank+moneycontrol,"('/company-article/andhrabank/news/AB14#AB14',)",
224,Indo+Count+Industries+Ltd+moneycontrol,"('/company-article/andhrabank/news/AB14#AB14',)",
225,Indraprastha+Gas+Ltd+moneycontrol,"('/company-article/andhrabank/news/AB14#AB14',)",
226,IndusInd+Bank+Ltd+moneycontrol,"('/company-article/andhrabank/news/AB14#AB14',)",
227,Infibeam+Incorporation+Ltd+moneycontrol,"('/company-article/andhrabank/news/AB14#AB14',)",
228,Info+Edge+(India)+Ltd.+moneycontrol,"('/company-article/andhrabank/news/AB14#AB14',)",
229,Infosys+Ltd+moneycontrol,"('/company-article/andhrabank/news/AB14#AB14',)",
230,Inox+Leisure+moneycontrol,"('/company-article/andhrabank/news/AB14#AB14',)",
231,Inox+Wind+Ltd+moneycontrol,"('/company-article/andhrabank/news/AB14#AB14',)",
232,Intellect+Design+Arena+Ltd.+moneycontrol,"('/company-article/andhrabank/news/AB14#AB14',)",
233,InterGlobe+Aviation+Ltd+moneycontrol,"('/company-article/andhrabank/news/AB14#AB14',)",
234,Ipca+Laboratories+Ltd+moneycontrol,"('/company-article/andhrabank/news/AB14#AB14',)",
235,IRB+Infrastructure+Developers+Ltd+moneycontrol,"('/company-article/andhrabank/news/AB14#AB14',)",
236,ISGEC+Heavy+Engineering+Ltd+moneycontrol,"('/company-article/andhrabank/news/AB14#AB14',)",
237,ITC+Ltd+moneycontrol,"('/company-article/andhrabank/news/AB14#AB14',)",
238,ITD+Cementation+India+Ltd+moneycontrol,"('/company-article/andhrabank/news/AB14#AB14',)",
239,J+Kumar+Infraprojects+Ltd+moneycontrol,"('/company-article/andhrabank/news/AB14#AB14',)",
240,J.+K.+Tyre+Industries+Ltd+moneycontrol,"('/company-article/andhrabank/news/AB14#AB14',)",
241,J.B.Chemicals+%26+Pharmaceuticals+Ltd.+moneycontrol,"('/company-article/andhrabank/news/AB14#AB14',)",
242,J.K.+Cement+Ltd.+moneycontrol,"('/company-article/andhrabank/news/AB14#AB14',)",
243,Jagran+Prakashan+Ltd+moneycontrol,"('/company-article/andhrabank/news/AB14#AB14',)",
244,Jai+Corp+Ltd+moneycontrol,"('/company-article/andhrabank/news/AB14#AB14',)",
245,Jain+Irrigation+Systems+Ltd+moneycontrol,"('/company-article/andhrabank/news/AB14#AB14',)",
246,Jaiprakash+Associates+Ltd+moneycontrol,"('/company-article/andhrabank/news/AB14#AB14',)",
247,Jammu+%26+Kashmir+Bank+Ltd+moneycontrol,"('/company-article/andhrabank/news/AB14#AB14',)",
248,Jamna+Auto+Industries+Ltd+moneycontrol,"('/company-article/andhrabank/news/AB14#AB14',)",
249,JBF+Industries+Ltd.+moneycontrol,"('/company-article/andhrabank/news/AB14#AB14',)",
250,Jet+Airways+India+Ltd+moneycontrol,"('/company-article/andhrabank/news/AB14#AB14',)",
251,Jindal+SAW+Ltd+moneycontrol,"('/company-article/andhrabank/news/AB14#AB14',)",
252,Jindal+Stainless+(Hisar)+Ltd+moneycontrol,"('/company-article/andhrabank/news/AB14#AB14',)",
253,Jindal+Stainless+Ltd.+moneycontrol,"('/company-article/andhrabank/news/AB14#AB14',)",
254,Jindal+Steel+%26+Power+Ltd+moneycontrol,"('/company-article/andhrabank/news/AB14#AB14',)",
255,JK+Lakshmi+Cement+Ltd+moneycontrol,"('/company-article/andhrabank/news/AB14#AB14',)",
256,JM+Financial+Ltd+moneycontrol,"('/company-article/andhrabank/news/AB14#AB14',)",
257,Johnson+Controls+-Hitachi+Air+Conditioning+India+Ltd+moneycontrol,"('/company-article/andhrabank/news/AB14#AB14',)",
258,JSW+Energy+Ltd+moneycontrol,"('/company-article/andhrabank/news/AB14#AB14',)",
259,JSW+Steel+Ltd+moneycontrol,"('/company-article/andhrabank/news/AB14#AB14',)",
260,Jubilant+FoodWorks+Ltd+moneycontrol,"('/company-article/andhrabank/news/AB14#AB14',)",
261,Jubilant+Life+Sciences+Ltd+moneycontrol,"('/company-article/andhrabank/news/AB14#AB14',)",
262,Just+Dial+Ltd+moneycontrol,"('/company-article/andhrabank/news/AB14#AB14',)",
263,Jyothy+Laboratories+Ltd+moneycontrol,"('/company-article/andhrabank/news/AB14#AB14',)",
264,Kajaria+Ceramics+Ltd.+moneycontrol,"('/company-article/andhrabank/news/AB14#AB14',)",
265,Kalpataru+Power+Transmission+Ltd+moneycontrol,"('/company-article/andhrabank/news/AB14#AB14',)",
266,Kansai+Nerolac+Paints+Ltd.+moneycontrol,"('/company-article/andhrabank/news/AB14#AB14',)",
267,Karnataka+Bank+Ltd+moneycontrol,"('/company-article/andhrabank/news/AB14#AB14',)",
268,Kaveri+Seed+Co+Ltd+moneycontrol,"('/company-article/andhrabank/news/AB14#AB14',)",
269,KEC+International+Ltd/India+moneycontrol,"('/company-article/andhrabank/news/AB14#AB14',)",
270,KEI+Industries+Ltd+moneycontrol,"('/company-article/andhrabank/news/AB14#AB14',)",
271,Kesoram+Industries+Ltd+moneycontrol,"('/company-article/andhrabank/news/AB14#AB14',)",
272,Kirloskar+Oil+Engines+Ltd+moneycontrol,"('/company-article/andhrabank/news/AB14#AB14',)",
273,Kotak+Mahindra+Bank+Ltd+moneycontrol,"('/company-article/andhrabank/news/AB14#AB14',)",
274,KPIT+Technologies+Ltd+moneycontrol,"('/company-article/andhrabank/news/AB14#AB14',)",
275,KPR+Mill+Ltd+moneycontrol,"('/company-article/andhrabank/news/AB14#AB14',)",
276,KRBL+Ltd+moneycontrol,"('/company-article/andhrabank/news/AB14#AB14',)",
277,Kwality+Ltd+moneycontrol,"('/company-article/andhrabank/news/AB14#AB14',)",
278,L%26T+Finance+Holdings+Ltd+moneycontrol,"('/company-article/andhrabank/news/AB14#AB14',)",
279,L%26T+Technology+Services+Ltd+moneycontrol,"('/company-article/andhrabank/news/AB14#AB14',)",
280,La+Opala+Rg+Ltd.+moneycontrol,"('/company-article/andhrabank/news/AB14#AB14',)",
281,Lakshmi+Machine+Works+Ltd+moneycontrol,"('/company-article/andhrabank/news/AB14#AB14',)",
282,Lakshmi+Vilas+Bank+Ltd.+moneycontrol,"('/company-article/andhrabank/news/AB14#AB14',)",
283,Larsen+%26+Toubro+Infotech+Ltd+moneycontrol,"('/company-article/andhrabank/news/AB14#AB14',)",
284,Larsen+%26+Toubro+Ltd+moneycontrol,"('/company-article/andhrabank/news/AB14#AB14',)",
285,Laurus+Labs+Ltd+moneycontrol,"('/company-article/andhrabank/news/AB14#AB14',)",
286,LIC+Housing+Finance+Ltd+moneycontrol,"('/company-article/andhrabank/news/AB14#AB14',)",
287,Linde+India+Ltd+moneycontrol,"('/company-article/andhrabank/news/AB14#AB14',)",
288,Lupin+Ltd+moneycontrol,"('/company-article/andhrabank/news/AB14#AB14',)",
289,Magma+Fincorp+Ltd.+moneycontrol,"('/company-article/andhrabank/news/AB14#AB14',)",
290,Mahanagar+Gas+Ltd+moneycontrol,"('/company-article/andhrabank/news/AB14#AB14',)",
291,Mahindra+%26+Mahindra+Financial+Services+Ltd+moneycontrol,"('/company-article/andhrabank/news/AB14#AB14',)",
292,Mahindra+%26+Mahindra+Ltd+moneycontrol,"('/company-article/andhrabank/news/AB14#AB14',)",
293,Mahindra+CIE+Automotive+Ltd+moneycontrol,"('/company-article/andhrabank/news/AB14#AB14',)",
294,Mahindra+Holidays+%26+Resorts+India+Ltd+moneycontrol,"('/company-article/andhrabank/news/AB14#AB14',)",
295,Mahindra+Lifespace+Developers+Ltd+moneycontrol,"('/company-article/andhrabank/news/AB14#AB14',)",
296,Manappuram+Finance+Ltd+moneycontrol,"('/company-article/andhrabank/news/AB14#AB14',)",
297,Mangalore+Refinery+%26+Petrochemicals+Ltd+moneycontrol,"('/company-article/andhrabank/news/AB14#AB14',)",
298,Manpasand+Beverages+Ltd+moneycontrol,"('/company-article/andhrabank/news/AB14#AB14',)",
299,Marico+Ltd+moneycontrol,"('/company-article/andhrabank/news/AB14#AB14',)",
300,Marksans+Pharma+Ltd+moneycontrol,"('/company-article/andhrabank/news/AB14#AB14',)",
301,Maruti+Suzuki+India+Ltd+moneycontrol,"('/company-article/andhrabank/news/AB14#AB14',)",
302,Max+Financial+Services+Ltd+moneycontrol,"('/company-article/andhrabank/news/AB14#AB14',)",
303,Max+India+Ltd+moneycontrol,"('/company-article/andhrabank/news/AB14#AB14',)",
304,McLeod+Russel+India+Ltd+moneycontrol,"('/company-article/andhrabank/news/AB14#AB14',)",
305,Meghmani+Organics+Ltd+moneycontrol,"('/company-article/andhrabank/news/AB14#AB14',)",
306,Minda+Corporation+Ltd+moneycontrol,"('/company-article/andhrabank/news/AB14#AB14',)",
307,Minda+Industries+Ltd+moneycontrol,"('/company-article/andhrabank/news/AB14#AB14',)",
308,MindTree+Ltd+moneycontrol,"('/company-article/andhrabank/news/AB14#AB14',)",
309,MMTC+LTD+moneycontrol,"('/company-article/andhrabank/news/AB14#AB14',)",
310,MOIL+Ltd+moneycontrol,"('/company-article/andhrabank/news/AB14#AB14',)",
311,Monsanto+India+Ltd+moneycontrol,"('/company-article/andhrabank/news/AB14#AB14',)",
312,Motherson+Sumi+Systems+Ltd+moneycontrol,"('/company-article/andhrabank/news/AB14#AB14',)",
313,Motilal+Oswal+Financial+Services+Ltd+moneycontrol,"('/company-article/andhrabank/news/AB14#AB14',)",
314,MphasiS+Ltd+moneycontrol,"('/company-article/andhrabank/news/AB14#AB14',)",
315,MRF+Ltd+moneycontrol,"('/company-article/andhrabank/news/AB14#AB14',)",
316,Multi+Commodity+Exchange+of+India+Limited+moneycontrol,"('/company-article/andhrabank/news/AB14#AB14',)",
317,Muthoot+Finance+Ltd+moneycontrol,"('/company-article/andhrabank/news/AB14#AB14',)",
318,Narayana+Hrudayalaya+Ltd+moneycontrol,"('/company-article/andhrabank/news/AB14#AB14',)",
319,Natco+Pharma+Ltd+moneycontrol,"('/company-article/andhrabank/news/AB14#AB14',)",
320,National+Aluminium+Co+Ltd+moneycontrol,"('/company-article/andhrabank/news/AB14#AB14',)",
321,Nava+Bharat+Ventures+Ltd+moneycontrol,"('/company-article/andhrabank/news/AB14#AB14',)",
322,Navin+Fluorine+International+Ltd.+moneycontrol,"('/company-article/andhrabank/news/AB14#AB14',)",
323,Navkar+Corporation+Ltd+moneycontrol,"('/company-article/andhrabank/news/AB14#AB14',)",
324,Navneet+Education+Ltd+moneycontrol,"('/company-article/andhrabank/news/AB14#AB14',)",
325,NBCC+(India)+Ltd+moneycontrol,"('/company-article/andhrabank/news/AB14#AB14',)",
326,NCC+Ltd/India+moneycontrol,"('/company-article/andhrabank/news/AB14#AB14',)",
327,Nestle+India+Ltd+moneycontrol,"('/company-article/andhrabank/news/AB14#AB14',)",
328,Network+18+Media+%26+Investments+Ltd+moneycontrol,"('/company-article/andhrabank/news/AB14#AB14',)",
329,NHPC+Ltd+moneycontrol,"('/company-article/andhrabank/news/AB14#AB14',)",
330,NIIT+Ltd+moneycontrol,"('/company-article/andhrabank/news/AB14#AB14',)",
331,NIIT+Technologies+Ltd+moneycontrol,"('/company-article/andhrabank/news/AB14#AB14',)",
332,Nilkamal+Ltd+moneycontrol,"('/company-article/andhrabank/news/AB14#AB14',)",
333,NLC+India+Ltd+moneycontrol,"('/company-article/andhrabank/news/AB14#AB14',)",
334,NMDC+Ltd+moneycontrol,"('/company-article/andhrabank/news/AB14#AB14',)",
335,NOCIL+Ltd.+moneycontrol,"('/company-article/andhrabank/news/AB14#AB14',)",
336,NTPC+Ltd+moneycontrol,"('/company-article/andhrabank/news/AB14#AB14',)",
337,Oberoi+Realty+Ltd+moneycontrol,"('/company-article/andhrabank/news/AB14#AB14',)",
338,Oil+%26+Natural+Gas+Corp+Ltd+moneycontrol,"('/company-article/andhrabank/news/AB14#AB14',)",
339,Oil+India+Ltd+moneycontrol,"('/company-article/andhrabank/news/AB14#AB14',)",
340,Omaxe+Ltd+moneycontrol,"('/company-article/andhrabank/news/AB14#AB14',)",
341,Oracle+Financial+Services+Software+Ltd+moneycontrol,"('/company-article/andhrabank/news/AB14#AB14',)",
342,Orient+Cement+Ltd+moneycontrol,"('/company-article/andhrabank/news/AB14#AB14',)",
343,Oriental+Bank+Of+Commerce+moneycontrol,"('/company-article/andhrabank/news/AB14#AB14',)",
344,Page+Industries+Ltd+moneycontrol,"('/company-article/andhrabank/news/AB14#AB14',)",
345,Parag+Milk+Foods+Ltd+moneycontrol,"('/company-article/andhrabank/news/AB14#AB14',)",
346,PC+Jeweller+Ltd.+moneycontrol,"('/company-article/andhrabank/news/AB14#AB14',)",
347,Persistent+Systems+Ltd+moneycontrol,"('/company-article/andhrabank/news/AB14#AB14',)",
348,Petronet+LNG+Ltd+moneycontrol,"('/company-article/andhrabank/news/AB14#AB14',)",
349,Pfizer+Ltd+(India)+moneycontrol,"('/company-article/andhrabank/news/AB14#AB14',)",
350,Phillips+Carbon+Black+Ltd+moneycontrol,"('/company-article/andhrabank/news/AB14#AB14',)",
351,Phoenix+Mills+Ltd+moneycontrol,"('/company-article/andhrabank/news/AB14#AB14',)",
352,PI+Industries+Ltd+moneycontrol,"('/company-article/andhrabank/news/AB14#AB14',)",
353,Pidilite+Industries+Ltd+moneycontrol,"('/company-article/andhrabank/news/AB14#AB14',)",
354,Piramal+Enterprises+Ltd+moneycontrol,"('/company-article/andhrabank/news/AB14#AB14',)",
355,PNB+Housing+Finance+Ltd+moneycontrol,"('/company-article/andhrabank/news/AB14#AB14',)",
356,PNC+Infratech+Ltd+moneycontrol,"('/company-article/andhrabank/news/AB14#AB14',)",
357,Power+Finance+Corp+Ltd+moneycontrol,"('/company-article/andhrabank/news/AB14#AB14',)",
358,Power+Grid+Corp+of+India+Ltd+moneycontrol,"('/company-article/andhrabank/news/AB14#AB14',)",
359,Praj+Industries+Ltd+moneycontrol,"('/company-article/andhrabank/news/AB14#AB14',)",
360,Prestige+Estates+Projects+Ltd+moneycontrol,"('/company-article/andhrabank/news/AB14#AB14',)",
361,Prism+Cement+Ltd+moneycontrol,"('/company-article/andhrabank/news/AB14#AB14',)",
362,Procter+%26+Gamble+Hygiene+%26+Health+Care+Ltd+moneycontrol,"('/company-article/andhrabank/news/AB14#AB14',)",
363,PTC+India+Financial+Services+Ltd+moneycontrol,"('/company-article/andhrabank/news/AB14#AB14',)",
364,PTC+India+Ltd+moneycontrol,"('/company-article/andhrabank/news/AB14#AB14',)",
365,Punjab+National+Bank+moneycontrol,"('/company-article/andhrabank/news/AB14#AB14',)",
366,PVR+Ltd+moneycontrol,"('/company-article/andhrabank/news/AB14#AB14',)",
367,Quess+Corp+Ltd+moneycontrol,"('/company-article/andhrabank/news/AB14#AB14',)",
368,Radico+Khaitan+Ltd+moneycontrol,"('/company-article/andhrabank/news/AB14#AB14',)",
369,Rain+Industries+Limited+moneycontrol,"('/company-article/andhrabank/news/AB14#AB14',)",
370,Rajesh+Exports+Ltd+moneycontrol,"('/company-article/andhrabank/news/AB14#AB14',)",
371,Rallis+India+Ltd+moneycontrol,"('/company-article/andhrabank/news/AB14#AB14',)",
372,Ramco+Cements+Ltd+moneycontrol,"('/company-article/andhrabank/news/AB14#AB14',)",
373,Rashtriya+Chemicals+%26+Fertilizers+Ltd.+moneycontrol,"('/company-article/andhrabank/news/AB14#AB14',)",
374,Ratnamani+Metals+%26+Tubes+Ltd+moneycontrol,"('/company-article/andhrabank/news/AB14#AB14',)",
375,Raymond+Ltd.+moneycontrol,"('/company-article/andhrabank/news/AB14#AB14',)",
376,RBL+Bank+Ltd+moneycontrol,"('/company-article/andhrabank/news/AB14#AB14',)",
377,Redington+India+Ltd+moneycontrol,"('/company-article/andhrabank/news/AB14#AB14',)",
378,Relaxo+Footwears+Ltd+moneycontrol,"('/company-article/andhrabank/news/AB14#AB14',)",
379,Reliance+Communications+Ltd+moneycontrol,"('/company-article/andhrabank/news/AB14#AB14',)",
380,Reliance+Industries+Ltd+moneycontrol,"('/company-article/andhrabank/news/AB14#AB14',)",
381,Reliance+Infrastructure+Ltd+moneycontrol,"('/company-article/andhrabank/news/AB14#AB14',)",
382,Reliance+Naval+and+Engineering+Ltd+moneycontrol,"('/company-article/andhrabank/news/AB14#AB14',)",
383,Reliance+Power+Ltd+moneycontrol,"('/company-article/andhrabank/news/AB14#AB14',)",
384,Repco+Home+Finance+Ltd.+moneycontrol,"('/company-article/andhrabank/news/AB14#AB14',)",
385,Rural+Electrification+Corp+Ltd+moneycontrol,"('/company-article/andhrabank/news/AB14#AB14',)",
386,S+H+Kelkar+and+Company+Ltd+moneycontrol,"('/company-article/andhrabank/news/AB14#AB14',)",
387,Sadbhav+Engineering+Ltd+moneycontrol,"('/company-article/andhrabank/news/AB14#AB14',)",
388,Sanofi+India+Ltd+moneycontrol,"('/company-article/andhrabank/news/AB14#AB14',)",
389,Schaeffler+India+Ltd+moneycontrol,"('/company-article/andhrabank/news/AB14#AB14',)",
390,Schneider+Electric+Infrastructure+Ltd.+moneycontrol,"('/company-article/andhrabank/news/AB14#AB14',)",
391,Sequent+Scientific+Ltd+moneycontrol,"('/company-article/andhrabank/news/AB14#AB14',)",
392,Shankara+Building+Products+Ltd+moneycontrol,"('/company-article/andhrabank/news/AB14#AB14',)",
393,Sharda+Cropchem+Limited+moneycontrol,"('/company-article/andhrabank/news/AB14#AB14',)",
394,Sheela+Foam+Ltd+moneycontrol,"('/company-article/andhrabank/news/AB14#AB14',)",
395,Shilpa+Medicare+Ltd+moneycontrol,"('/company-article/andhrabank/news/AB14#AB14',)",
396,Shipping+Corp+of+India+Ltd+moneycontrol,"('/company-article/andhrabank/news/AB14#AB14',)",
397,Shoppers+Stop+Ltd+moneycontrol,"('/company-article/andhrabank/news/AB14#AB14',)",
398,Shree+Cement+Ltd+moneycontrol,"('/company-article/andhrabank/news/AB14#AB14',)",
399,Shree+Renuka+Sugars+Ltd+moneycontrol,"('/company-article/andhrabank/news/AB14#AB14',)",
400,Shriram+City+Union+Finance+Ltd.+moneycontrol,"('/company-article/andhrabank/news/AB14#AB14',)",
401,Shriram+Transport+Finance+Co+Ltd+moneycontrol,"('/company-article/andhrabank/news/AB14#AB14',)",
402,Siemens+India+Ltd+moneycontrol,"('/company-article/andhrabank/news/AB14#AB14',)",
403,Sintex+Industries+Ltd+moneycontrol,"('/company-article/andhrabank/news/AB14#AB14',)",
404,Siti+Networks+Ltd+moneycontrol,"('/company-article/andhrabank/news/AB14#AB14',)",
405,SJVN+Ltd+moneycontrol,"('/company-article/andhrabank/news/AB14#AB14',)",
406,SKF+India+Ltd+moneycontrol,"('/company-article/andhrabank/news/AB14#AB14',)",
407,Sobha+Limited+moneycontrol,"('/company-article/andhrabank/news/AB14#AB14',)",
408,Solar+Industries+India+Ltd+moneycontrol,"('/company-article/andhrabank/news/AB14#AB14',)",
409,Somany+Ceramics+Ltd+moneycontrol,"('/company-article/andhrabank/news/AB14#AB14',)",
410,Sonata+Software+Ltd+moneycontrol,"('/company-article/andhrabank/news/AB14#AB14',)",
411,South+Indian+Bank+Ltd+moneycontrol,"('/company-article/andhrabank/news/AB14#AB14',)",
412,SpiceJet+Ltd.+moneycontrol,"('/company-article/andhrabank/news/AB14#AB14',)",
413,SREI+Infrastructure+Finance+Ltd+moneycontrol,"('/company-article/andhrabank/news/AB14#AB14',)",
414,SRF+Ltd+moneycontrol,"('/company-article/andhrabank/news/AB14#AB14',)",
415,State+Bank+of+India+moneycontrol,"('/company-article/andhrabank/news/AB14#AB14',)",
416,Steel+Authority+of+India+Ltd+moneycontrol,"('/company-article/andhrabank/news/AB14#AB14',)",
417,Sterlite+Technologies+Ltd.+moneycontrol,"('/company-article/andhrabank/news/AB14#AB14',)",
418,Strides+Shasun+Ltd+moneycontrol,"('/company-article/andhrabank/news/AB14#AB14',)",
419,Sudarshan+Chemical+Industries+moneycontrol,"('/company-article/andhrabank/news/AB14#AB14',)",
420,Sun+Pharma+Advanced+Research+Co+Ltd+moneycontrol,"('/company-article/andhrabank/news/AB14#AB14',)",
421,Sun+Pharmaceutical+Industries+Ltd+moneycontrol,"('/company-article/andhrabank/news/AB14#AB14',)",
422,Sun+TV+Network+Ltd+moneycontrol,"('/company-article/andhrabank/news/AB14#AB14',)",
423,Sundaram+Clayton+Ltd+moneycontrol,"('/company-article/andhrabank/news/AB14#AB14',)",
424,Sundaram+Fastners+moneycontrol,"('/company-article/andhrabank/news/AB14#AB14',)",
425,Sunteck+Realty+Ltd+moneycontrol,"('/company-article/andhrabank/news/AB14#AB14',)",
426,Suprajit+Engineering+Ltd+moneycontrol,"('/company-article/andhrabank/news/AB14#AB14',)",
427,Supreme+Industries+moneycontrol,"('/company-article/andhrabank/news/AB14#AB14',)",
428,Supreme+Petrochem+Ltd.+moneycontrol,"('/company-article/andhrabank/news/AB14#AB14',)",
429,Suven+Life+Sciences+Ltd+moneycontrol,"('/company-article/andhrabank/news/AB14#AB14',)",
430,Suzlon+Energy+Ltd+moneycontrol,"('/company-article/andhrabank/news/AB14#AB14',)",
431,Swan+Energy+Ltd.+moneycontrol,"('/company-article/andhrabank/news/AB14#AB14',)",
432,Symphony+Ltd+moneycontrol,"('/company-article/andhrabank/news/AB14#AB14',)",
433,Syndicate+Bank+moneycontrol,"('/company-article/andhrabank/news/AB14#AB14',)",
434,Syngene+International+Ltd+moneycontrol,"('/company-article/andhrabank/news/AB14#AB14',)",
435,Take+Solutions+Ltd+moneycontrol,"('/company-article/andhrabank/news/AB14#AB14',)",
436,Tamilnadu+Newsprint+%26+Papers+moneycontrol,"('/company-article/andhrabank/news/AB14#AB14',)",
437,Tata+Chemicals+Ltd+moneycontrol,"('/company-article/andhrabank/news/AB14#AB14',)",
438,Tata+Coffee+Ltd.+moneycontrol,"('/company-article/andhrabank/news/AB14#AB14',)",
439,Tata+Communications+Ltd+moneycontrol,"('/company-article/andhrabank/news/AB14#AB14',)",
440,Tata+Consultancy+Services+Ltd+moneycontrol,"('/company-article/andhrabank/news/AB14#AB14',)",
441,Tata+Elxsi+Ltd+moneycontrol,"('/company-article/andhrabank/news/AB14#AB14',)",
442,Tata+Global+Beverages+Ltd+moneycontrol,"('/company-article/andhrabank/news/AB14#AB14',)",
443,Tata+Investment+Corp+Ltd+moneycontrol,"('/company-article/andhrabank/news/AB14#AB14',)",
444,Tata+Metaliks+Ltd.+moneycontrol,"('/company-article/andhrabank/news/AB14#AB14',)",
445,Tata+Motors+Ltd+moneycontrol,"('/company-article/andhrabank/news/AB14#AB14',)",
446,Tata+Motors+Ltd+DVR+moneycontrol,"('/company-article/andhrabank/news/AB14#AB14',)",
447,Tata+Power+Co+Ltd+moneycontrol,"('/company-article/andhrabank/news/AB14#AB14',)",
448,Tata+Sponge+Iron+Ltd.+moneycontrol,"('/company-article/andhrabank/news/AB14#AB14',)",
449,Tata+Steel+Ltd+moneycontrol,"('/company-article/andhrabank/news/AB14#AB14',)",
450,Tech+Mahindra+Ltd+moneycontrol,"('/company-article/andhrabank/news/AB14#AB14',)",
451,Techno+Electric+%26+Engineering+Co.+Ltd.+moneycontrol,"('/company-article/andhrabank/news/AB14#AB14',)",
452,Tejas+Networks+Ltd+moneycontrol,"('/company-article/andhrabank/news/AB14#AB14',)",
453,Texmaco+Rail+%26+Engineering+Ltd.+moneycontrol,"('/company-article/andhrabank/news/AB14#AB14',)",
454,Thermax+Ltd+moneycontrol,"('/company-article/andhrabank/news/AB14#AB14',)",
455,Thomas+Cook+(India)+Ltd+moneycontrol,"('/company-article/andhrabank/news/AB14#AB14',)",
456,Thyrocare+Technologies+Ltd+moneycontrol,"('/company-article/andhrabank/news/AB14#AB14',)",
457,Time+Technoplast+Ltd.+moneycontrol,"('/company-article/andhrabank/news/AB14#AB14',)",
458,Timken+India+Ltd.+moneycontrol,"('/company-article/andhrabank/news/AB14#AB14',)",
459,Titagarh+Wagons+Ltd+moneycontrol,"('/company-article/andhrabank/news/AB14#AB14',)",
460,Titan+Co+Ltd+moneycontrol,"('/company-article/andhrabank/news/AB14#AB14',)",
461,Torrent+Pharmaceuticals+Ltd+moneycontrol,"('/company-article/andhrabank/news/AB14#AB14',)",
462,Torrent+Power+Ltd+moneycontrol,"('/company-article/andhrabank/news/AB14#AB14',)",
463,Trent+Ltd.+moneycontrol,"('/company-article/andhrabank/news/AB14#AB14',)",
464,Trident+Ltd.+moneycontrol,"('/company-article/andhrabank/news/AB14#AB14',)",
465,Triveni+Turbine+Limited+moneycontrol,"('/company-article/andhrabank/news/AB14#AB14',)",
466,TTK+Prestige+Ltd+moneycontrol,"('/company-article/andhrabank/news/AB14#AB14',)",
467,TV+Today+Network+moneycontrol,"('/company-article/andhrabank/news/AB14#AB14',)",
468,TV18+Broadcast+Ltd+moneycontrol,"('/company-article/andhrabank/news/AB14#AB14',)",
469,TVS+Motor+Co+Ltd+moneycontrol,"('/company-article/andhrabank/news/AB14#AB14',)",
470,TVS+Srichakra+Ltd+moneycontrol,"('/company-article/andhrabank/news/AB14#AB14',)",
471,UCO+Bank+moneycontrol,"('/company-article/andhrabank/news/AB14#AB14',)",
472,Uflex+Ltd+moneycontrol,"('/company-article/andhrabank/news/AB14#AB14',)",
473,Ujjivan+Financial+Services+Ltd+moneycontrol,"('/company-article/andhrabank/news/AB14#AB14',)",
474,UltraTech+Cement+Ltd+moneycontrol,"('/company-article/andhrabank/news/AB14#AB14',)",
475,Unichem+Laboratories+Ltd+moneycontrol,"('/company-article/andhrabank/news/AB14#AB14',)",
476,Union+Bank+of+India+moneycontrol,"('/company-article/andhrabank/news/AB14#AB14',)",
477,Unitech+Ltd+moneycontrol,"('/company-article/andhrabank/news/AB14#AB14',)",
478,United+Breweries+Ltd+moneycontrol,"('/company-article/andhrabank/news/AB14#AB14',)",
479,UPL+Ltd+moneycontrol,"('/company-article/andhrabank/news/AB14#AB14',)",
480,V-Guard+Industries+Ltd+moneycontrol,"('/company-article/andhrabank/news/AB14#AB14',)",
481,V-Mart+Retail+Limited+moneycontrol,"('/company-article/andhrabank/news/AB14#AB14',)",
482,VA+Tech+Wabag+Ltd+moneycontrol,"('/company-article/andhrabank/news/AB14#AB14',)",
483,Vakrangee+Ltd+moneycontrol,"('/company-article/andhrabank/news/AB14#AB14',)",
484,Vardhman+Textiles+Ltd.+moneycontrol,"('/company-article/andhrabank/news/AB14#AB14',)",
485,Varun+Beverages+Ltd+moneycontrol,"('/company-article/andhrabank/news/AB14#AB14',)",
486,Vedanta+Ltd+moneycontrol,"('/company-article/andhrabank/news/AB14#AB14',)",
487,Venky%27s+India+Ltd+moneycontrol,"('/company-article/andhrabank/news/AB14#AB14',)",
488,Vijaya+Bank+moneycontrol,"('/company-article/andhrabank/news/AB14#AB14',)",
489,Vinati+Organics+Ltd+moneycontrol,"('/company-article/andhrabank/news/AB14#AB14',)",
490,VIP+Industries+Ltd+moneycontrol,"('/company-article/andhrabank/news/AB14#AB14',)",
491,Voltas+Ltd+moneycontrol,"('/company-article/andhrabank/news/AB14#AB14',)",
492,VST+Industries+Ltd.+moneycontrol,"('/company-article/andhrabank/news/AB14#AB14',)",
493,WABCO+India+Ltd+moneycontrol,"('/company-article/andhrabank/news/AB14#AB14',)",
494,Welspun+Corp+Ltd+moneycontrol,"('/company-article/andhrabank/news/AB14#AB14',)",
495,Welspun+India+Ltd.+moneycontrol,"('/company-article/andhrabank/news/AB14#AB14',)",
496,Whirlpool+of+India+Ltd+moneycontrol,"('/company-article/andhrabank/news/AB14#AB14',)",
497,Wipro+Ltd+moneycontrol,"('/company-article/andhrabank/news/AB14#AB14',)",
498,Wockhardt+Ltd+moneycontrol,"('/company-article/andhrabank/news/AB14#AB14',)",
499,Yes+Bank+Ltd+moneycontrol,"('/company-article/andhrabank/news/AB14#AB14',)",
500,Zee+Entertainment+Enterprises+Ltd+moneycontrol,"('/company-article/andhrabank/news/AB14#AB14',)",
501,Zensar+Technologies+Ltd+moneycontrol,"('/company-article/andhrabank/news/AB14#AB14',)",
